[
    {
      "id": 1,
      "name": "Electronics"
    },
    {
      "id": 2,
      "name": "Clothing"
    },
    {
      "id": 3,
      "name": "Home & Garden"
    },
    {
      "id": 4,
      "name": "Beauty"
    },
    {
      "id": 5,
      "name": "Sports & Outdoors"
    },
    {
      "id": 6,
      "name": "Books"
    },
    {
      "id": 7,
      "name": "Toys & Games"
    },
    {
      "id": 8,
      "name": "Jewelry"
    },
    {
      "id": 9,
      "name": "Automotive"
    },
    {
      "id": 10,
      "name": "Pet Supplies"
    }
  ]